{"cameraMode":{"drawMode":0,"name":"Shaded","section":"Shading Mode"},"sceneLighting":false,"audioPlay":false,"sceneViewState":{"m_AlwaysRefresh":false,"showFog":true,"showSkybox":false,"showFlares":true,"showImageEffects":true,"showParticleSystems":true,"showVisualEffectGraphs":true,"m_FxEnabled":true},"in2DMode":false,"pivot":{"x":-0.09250597655773163,"y":4.114119052886963,"z":-0.7396279573440552},"rotation":{"x":-0.4472016394138336,"y":-0.07311385869979859,"z":0.03670988604426384,"w":-0.8906984329223633},"size":1.1961497068405152,"orthographic":false}