{"cameraMode":{"drawMode":0,"name":"Shaded","section":"Shading Mode"},"sceneLighting":false,"audioPlay":false,"sceneViewState":{"m_AlwaysRefresh":false,"showFog":true,"showSkybox":false,"showFlares":true,"showImageEffects":true,"showParticleSystems":true,"showVisualEffectGraphs":true,"m_FxEnabled":true},"in2DMode":false,"pivot":{"x":105.83735656738281,"y":57.18402099609375,"z":4.2859039306640629},"rotation":{"x":0.10451966524124146,"y":-0.04425075650215149,"z":0.004630030132830143,"w":0.9935672879219055},"size":103.64082336425781,"orthographic":false}