{"cameraMode":{"drawMode":0,"name":"Shaded","section":"Shading Mode"},"sceneLighting":false,"audioPlay":false,"sceneViewState":{"m_AlwaysRefresh":false,"showFog":true,"showSkybox":false,"showFlares":true,"showImageEffects":true,"showParticleSystems":true,"showVisualEffectGraphs":true,"m_FxEnabled":true},"in2DMode":false,"pivot":{"x":-0.0836520791053772,"y":-0.10899493098258972,"z":0.45374807715415957},"rotation":{"x":-0.2110089361667633,"y":-0.6892078518867493,"z":0.2213849127292633,"w":-0.6568886637687683},"size":0.4330127537250519,"orthographic":false}